{
	"countries": [
		{
			"id": "1",
			"sortname": "AF",
			"name": "Afghanistan",
			"text": "Afghanistan",
			"timezone": 29,
			"currency": "2",
			"languageCode": "en",
			"currency_format": "en"
		},
		{
			"id": "2",
			"sortname": "AL",
			"name": "Albania",
			"text": "Albania",
			"timezone": 6,
			"currency": "3",
			"languageCode": "el",
			"currency_format": "el"
		},
		{
			"id": "3",
			"sortname": "DZ",
			"name": "Algeria",
			"text": "Algeria",
			"timezone": 6,
			"currency": "32",
			"languageCode": "en",
			"currency_format": "en"
		},
		{
			"id": "4",
			"sortname": "AS",
			"name": "American Samoa",
			"text": "American Samoa",
			"timezone": 95,
			"currency": "1",
			"languageCode": "en",
			"currency_format": "en"
		},
		{
			"id": "5",
			"sortname": "AD",
			"name": "Andorra",
			"text": "Andorra",
			"timezone": 6,
			"currency": "35",
			"languageCode": "en",
			"currency_format": "en"
		},
		{
			"id": "6",
			"sortname": "AO",
			"name": "Angola",
			"text": "Angola",
			"timezone": 6,
			"currency": "1",
			"languageCode": "en",
			"currency_format": "en"
		},
		{
			"id": "7",
			"sortname": "AI",
			"name": "Anguilla",
			"text": "Anguilla",
			"timezone": 75,
			"currency": "1",
			"languageCode": "en",
			"currency_format": "en"
		},
		{
			"id": "8",
			"sortname": "AQ",
			"name": "Antarctica",
			"text": "Antarctica",
			"timezone": 75,
			"currency": "1",
			"languageCode": "en",
			"currency_format": "en"
		},
		{
			"id": "9",
			"sortname": "AG",
			"name": "Antigua And Barbuda",
			"text": "Antigua And Barbuda",
			"timezone": 75,
			"currency": "1",
			"languageCode": "en",
			"currency_format": "en"
		},
		{
			"id": "10",
			"sortname": "AR",
			"name": "Argentina",
			"text": "Argentina",
			"timezone": 69,
			"currency": "1",
			"languageCode": "es",
			"currency_format": "el"
		},
		{
			"id": "11",
			"sortname": "AM",
			"name": "Armenia",
			"text": "Armenia",
			"timezone": 28,
			"currency": "4",
			"languageCode": "en",
			"currency_format": "en"
		},
		{
			"id": "12",
			"sortname": "AW",
			"name": "Aruba",
			"text": "Aruba",
			"timezone": 75,
			"currency": "8",
			"languageCode": "en",
			"currency_format": "en"
		},
		{
			"id": "13",
			"sortname": "AU",
			"name": "Australia",
			"text": "Australia",
			"timezone": 45,
			"currency": "7",
			"languageCode": "en",
			"currency_format": "en"
		},
		{
			"id": "14",
			"sortname": "AT",
			"name": "Austria",
			"text": "Austria",
			"timezone": 6,
			"currency": "35",
			"languageCode": "en",
			"currency_format": "en"
		},
		{
			"id": "15",
			"sortname": "AZ",
			"name": "Azerbaijan",
			"text": "Azerbaijan",
			"timezone": 25,
			"currency": "9",
			"languageCode": "en",
			"currency_format": "en"
		},
		{
			"id": "16",
			"sortname": "BS",
			"name": "Bahamas",
			"text": "Bahamas",
			"timezone": 81,
			"currency": "18",
			"languageCode": "en",
			"currency_format": "en"
		},
		{
			"id": "17",
			"sortname": "BH",
			"name": "Bahrain",
			"text": "Bahrain",
			"timezone": 19,
			"currency": "13",
			"languageCode": "en",
			"currency_format": "en"
		},
		{
			"id": "18",
			"sortname": "BD",
			"name": "Bangladesh",
			"text": "Bangladesh",
			"timezone": 37,
			"currency": "1",
			"languageCode": "en",
			"currency_format": "en"
		},
		{
			"id": "19",
			"sortname": "BB",
			"name": "Barbados",
			"text": "Barbados",
			"timezone": 75,
			"currency": "11",
			"languageCode": "en",
			"currency_format": "en"
		},
		{
			"id": "20",
			"sortname": "BY",
			"name": "Belarus",
			"text": "Belarus",
			"timezone": 722,
			"currency": "20",
			"languageCode": "en",
			"currency_format": "en"
		},
		{
			"id": "21",
			"sortname": "BE",
			"name": "Belgium",
			"text": "Belgium",
			"timezone": 6,
			"currency": "35",
			"languageCode": "en",
			"currency_format": "en"
		},
		{
			"id": "22",
			"sortname": "BZ",
			"name": "Belize",
			"text": "Belize",
			"timezone": 83,
			"currency": "22",
			"languageCode": "en",
			"currency_format": "en"
		},
		{
			"id": "23",
			"sortname": "BJ",
			"name": "Benin",
			"text": "Benin",
			"timezone": 9,
			"currency": "123",
			"languageCode": "en",
			"currency_format": "en"
		},
		{
			"id": "24",
			"sortname": "BM",
			"name": "Bermuda",
			"text": "Bermuda",
			"timezone": 75,
			"currency": "14",
			"languageCode": "en",
			"currency_format": "en"
		},
		{
			"id": "25",
			"sortname": "BT",
			"name": "Bhutan",
			"text": "Bhutan",
			"timezone": 36,
			"currency": "1",
			"languageCode": "en",
			"currency_format": "en"
		},
		{
			"id": "26",
			"sortname": "BO",
			"name": "Bolivia",
			"text": "Bolivia",
			"timezone": 75,
			"currency": "16",
			"languageCode": "es",
			"currency_format": "el"
		},
		{
			"id": "27",
			"sortname": "BA",
			"name": "Bosnia and Herzegovina",
			"text": "Bosnia and Herzegovina",
			"timezone": 6,
			"currency": "10",
			"languageCode": "en",
			"currency_format": "en"
		},
		{
			"id": "28",
			"sortname": "BW",
			"name": "Botswana",
			"text": "Botswana",
			"timezone": 14,
			"currency": "19",
			"languageCode": "en",
			"currency_format": "en"
		},
		{
			"id": "29",
			"sortname": "BV",
			"name": "Bouvet Island",
			"text": "Bouvet Island",
			"timezone": 6,
			"currency": "1",
			"languageCode": "en",
			"currency_format": "en"
		},
		{
			"id": "30",
			"sortname": "BR",
			"name": "Brazil",
			"text": "Brazil",
			"timezone": 76,
			"currency": "17",
			"languageCode": "en",
			"currency_format": "en"
		},
		{
			"id": "31",
			"sortname": "IO",
			"name": "British Indian Ocean Territory",
			"text": "British Indian Ocean Territory",
			"timezone": 36,
			"currency": "1",
			"languageCode": "en",
			"currency_format": "en"
		},
		{
			"id": "32",
			"sortname": "BN",
			"name": "Brunei",
			"text": "Brunei",
			"timezone": 43,
			"currency": "15",
			"languageCode": "en",
			"currency_format": "en"
		},
		{
			"id": "33",
			"sortname": "BG",
			"name": "Bulgaria",
			"text": "Bulgaria",
			"timezone": 10,
			"currency": "12",
			"languageCode": "en",
			"currency_format": "en"
		},
		{
			"id": "34",
			"sortname": "BF",
			"name": "Burkina Faso",
			"text": "Burkina Faso",
			"timezone": 3,
			"currency": "123",
			"languageCode": "en",
			"currency_format": "en"
		},
		{
			"id": "35",
			"sortname": "BI",
			"name": "Burundi",
			"text": "Burundi",
			"timezone": 14,
			"currency": "123",
			"languageCode": "en",
			"currency_format": "en"
		},
		{
			"id": "36",
			"sortname": "KH",
			"name": "Cambodia",
			"text": "Cambodia",
			"timezone": 40,
			"currency": "61",
			"languageCode": "en",
			"currency_format": "en"
		},
		{
			"id": "37",
			"sortname": "CM",
			"name": "Cameroon",
			"text": "Cameroon",
			"timezone": 9,
			"currency": "123",
			"languageCode": "en",
			"currency_format": "en"
		},
		{
			"id": "38",
			"sortname": "CA",
			"name": "Canada",
			"text": "Canada",
			"timezone": 86,
			"currency": "23",
			"languageCode": "en",
			"currency_format": "en"
		},
		{
			"id": "39",
			"sortname": "CV",
			"name": "Cape Verde",
			"text": "Cape Verde",
			"timezone": 65,
			"currency": "1",
			"languageCode": "en",
			"currency_format": "en"
		},
		{
			"id": "40",
			"sortname": "KY",
			"name": "Cayman Islands",
			"text": "Cayman Islands",
			"timezone": 81,
			"currency": "65",
			"languageCode": "en",
			"currency_format": "en"
		},
		{
			"id": "41",
			"sortname": "CF",
			"name": "Central African Republic",
			"text": "Central African Republic",
			"timezone": 9,
			"currency": "123",
			"languageCode": "en",
			"currency_format": "en"
		},
		{
			"id": "42",
			"sortname": "TD",
			"name": "Chad",
			"text": "Chad",
			"timezone": 9,
			"currency": "123",
			"languageCode": "en",
			"currency_format": "en"
		},
		{
			"id": "43",
			"sortname": "CL",
			"name": "Chile",
			"text": "Chile",
			"timezone": 69,
			"currency": "24",
			"languageCode": "es",
			"currency_format": "el"
		},
		{
			"id": "44",
			"sortname": "CN",
			"name": "China",
			"text": "China",
			"timezone": 42,
			"currency": "25",
			"languageCode": "en",
			"currency_format": "en"
		},
		{
			"id": "45",
			"sortname": "CX",
			"name": "Christmas Island",
			"text": "Christmas Island",
			"timezone": 41,
			"currency": "7",
			"languageCode": "en",
			"currency_format": "en"
		},
		{
			"id": "46",
			"sortname": "CC",
			"name": "Cocos (Keeling) Islands",
			"text": "Cocos (Keeling) Islands",
			"timezone": 39,
			"currency": "7",
			"languageCode": "en",
			"currency_format": "en"
		},
		{
			"id": "47",
			"sortname": "CO",
			"name": "Colombia",
			"text": "Colombia",
			"timezone": 80,
			"currency": "26",
			"languageCode": "en",
			"currency_format": "en"
		},
		{
			"id": "48",
			"sortname": "KM",
			"name": "Comoros",
			"text": "Comoros",
			"timezone": 22,
			"currency": "123",
			"languageCode": "en",
			"currency_format": "en"
		},
		{
			"id": "49",
			"sortname": "CG",
			"name": "Congo (Congo-Brazzaville)",
			"text": "Congo (Congo-Brazzaville)",
			"timezone": 9,
			"currency": "123",
			"languageCode": "en",
			"currency_format": "en"
		},
		{
			"id": "50",
			"sortname": "CD",
			"name": "Democratic Republic of the Congo",
			"text": "Democratic Republic of the Congo",
			"timezone": 9,
			"currency": "123",
			"languageCode": "en",
			"currency_format": "en"
		},
		{
			"id": "51",
			"sortname": "CK",
			"name": "Cook Islands",
			"text": "Cook Islands",
			"timezone": 93,
			"currency": "86",
			"languageCode": "en",
			"currency_format": "en"
		},
		{
			"id": "52",
			"sortname": "CR",
			"name": "Costa Rica",
			"text": "Costa Rica",
			"timezone": 83,
			"currency": "27",
			"languageCode": "es",
			"currency_format": "el"
		},
		{
			"id": "53",
			"sortname": "CI",
			"name": "Côte d'Ivoire(Ivory Coast)",
			"text": "Côte d'Ivoire(Ivory Coast)",
			"timezone": 3,
			"currency": "123",
			"languageCode": "en",
			"currency_format": "en"
		},
		{
			"id": "54",
			"sortname": "HR",
			"name": "Croatia",
			"text": "Croatia",
			"timezone": 6,
			"currency": "46",
			"languageCode": "en",
			"currency_format": "en"
		},
		{
			"id": "55",
			"sortname": "CU",
			"name": "Cuba",
			"text": "Cuba",
			"timezone": 80,
			"currency": "28",
			"languageCode": "es",
			"currency_format": "el"
		},
		{
			"id": "56",
			"sortname": "CY",
			"name": "Cyprus",
			"text": "Cyprus",
			"timezone": 10,
			"currency": "35",
			"languageCode": "el",
			"currency_format": "el"
		},
		{
			"id": "57",
			"sortname": "CZ",
			"name": "Czechia (Czech Republic)",
			"text": "Czechia (Czech Republic)",
			"timezone": 6,
			"currency": "29",
			"languageCode": "en",
			"currency_format": "en"
		},
		{
			"id": "58",
			"sortname": "DK",
			"name": "Denmark",
			"text": "Denmark",
			"timezone": 6,
			"currency": "30",
			"languageCode": "en",
			"currency_format": "en"
		},
		{
			"id": "59",
			"sortname": "DJ",
			"name": "Djibouti",
			"text": "Djibouti",
			"timezone": 22,
			"currency": "123",
			"languageCode": "en",
			"currency_format": "en"
		},
		{
			"id": "60",
			"sortname": "DM",
			"name": "Dominica",
			"text": "Dominica",
			"timezone": 75,
			"currency": "31",
			"languageCode": "en",
			"currency_format": "en"
		},
		{
			"id": "61",
			"sortname": "DO",
			"name": "Dominican Republic",
			"text": "Dominican Republic",
			"timezone": 75,
			"currency": "31",
			"languageCode": "es",
			"currency_format": "el"
		},
		{
			"id": "62",
			"sortname": "TP",
			"name": "Timor-Leste",
			"text": "Timor-Leste",
			"timezone": 48,
			"currency": "1",
			"languageCode": "en",
			"currency_format": "en"
		},
		{
			"id": "63",
			"sortname": "EC",
			"name": "Ecuador",
			"text": "Ecuador",
			"timezone": 81,
			"currency": "1",
			"languageCode": "en",
			"currency_format": "en"
		},
		{
			"id": "64",
			"sortname": "EG",
			"name": "Egypt",
			"text": "Egypt",
			"timezone": 10,
			"currency": "34",
			"languageCode": "en",
			"currency_format": "en"
		},
		{
			"id": "65",
			"sortname": "SV",
			"name": "El Salvador",
			"text": "El Salvador",
			"timezone": 83,
			"currency": "107",
			"languageCode": "es",
			"currency_format": "el"
		},
		{
			"id": "66",
			"sortname": "GQ",
			"name": "Equatorial Guinea",
			"text": "Equatorial Guinea",
			"timezone": 9,
			"currency": "123",
			"languageCode": "en",
			"currency_format": "en"
		},
		{
			"id": "67",
			"sortname": "ER",
			"name": "Eritrea",
			"text": "Eritrea",
			"timezone": 22,
			"currency": "1",
			"languageCode": "en",
			"currency_format": "en"
		},
		{
			"id": "68",
			"sortname": "EE",
			"name": "Estonia",
			"text": "Estonia",
			"timezone": 10,
			"currency": "33",
			"languageCode": "en",
			"currency_format": "en"
		},
		{
			"id": "69",
			"sortname": "ET",
			"name": "Ethiopia",
			"text": "Ethiopia",
			"timezone": 22,
			"currency": "1",
			"languageCode": "en",
			"currency_format": "en"
		},
		{
			"id": "70",
			"sortname": "XA",
			"name": "External Territories of Australia",
			"text": "External Territories of Australia",
			"timezone": 53,
			"currency": "7",
			"languageCode": "en",
			"currency_format": "en"
		},
		{
			"id": "71",
			"sortname": "FK",
			"name": "Falkland Islands",
			"text": "Falkland Islands",
			"timezone": 68,
			"currency": "37",
			"languageCode": "en",
			"currency_format": "en"
		},
		{
			"id": "72",
			"sortname": "FO",
			"name": "Faroe Islands",
			"text": "Faroe Islands",
			"timezone": 3,
			"currency": "54",
			"languageCode": "en",
			"currency_format": "en"
		},
		{
			"id": "73",
			"sortname": "FJ",
			"name": "Fiji",
			"text": "Fiji",
			"timezone": 61,
			"currency": "36",
			"languageCode": "en",
			"currency_format": "en"
		},
		{
			"id": "74",
			"sortname": "FI",
			"name": "Finland",
			"text": "Finland",
			"timezone": 10,
			"currency": "35",
			"languageCode": "en",
			"currency_format": "en"
		},
		{
			"id": "75",
			"sortname": "FR",
			"name": "France",
			"text": "France",
			"timezone": 6,
			"currency": "35",
			"languageCode": "en",
			"currency_format": "fr"
		},
		{
			"id": "76",
			"sortname": "GF",
			"name": "French Guiana",
			"text": "French Guiana",
			"timezone": 72,
			"currency": "35",
			"languageCode": "en",
			"currency_format": "en"
		},
		{
			"id": "77",
			"sortname": "PF",
			"name": "French Polynesia",
			"text": "French Polynesia",
			"timezone": 93,
			"currency": "123",
			"languageCode": "en",
			"currency_format": "en"
		},
		{
			"id": "78",
			"sortname": "TF",
			"name": "French Southern Territories",
			"text": "French Southern Territories",
			"timezone": 30,
			"currency": "35",
			"languageCode": "en",
			"currency_format": "en"
		},
		{
			"id": "79",
			"sortname": "GA",
			"name": "Gabon",
			"text": "Gabon",
			"timezone": 9,
			"currency": "123",
			"languageCode": "en",
			"currency_format": "en"
		},
		{
			"id": "80",
			"sortname": "GM",
			"name": "Gambia",
			"text": "Gambia",
			"timezone": 3,
			"currency": "1",
			"languageCode": "en",
			"currency_format": "en"
		},
		{
			"id": "81",
			"sortname": "GE",
			"name": "Georgia",
			"text": "Georgia",
			"timezone": 81,
			"currency": "1",
			"languageCode": "en",
			"currency_format": "en"
		},
		{
			"id": "82",
			"sortname": "DE",
			"name": "Germany",
			"text": "Germany",
			"timezone": 6,
			"currency": "35",
			"languageCode": "en",
			"currency_format": "en"
		},
		{
			"id": "83",
			"sortname": "GH",
			"name": "Ghana",
			"text": "Ghana",
			"timezone": 3,
			"currency": "40",
			"languageCode": "en",
			"currency_format": "en"
		},
		{
			"id": "84",
			"sortname": "GI",
			"name": "Gibraltar",
			"text": "Gibraltar",
			"timezone": 6,
			"currency": "41",
			"languageCode": "en",
			"currency_format": "en"
		},
		{
			"id": "85",
			"sortname": "GR",
			"name": "Greece",
			"text": "Greece",
			"timezone": 10,
			"currency": "35",
			"languageCode": "el",
			"currency_format": "el"
		},
		{
			"id": "86",
			"sortname": "GL",
			"name": "Greenland",
			"text": "Greenland",
			"timezone": 71,
			"currency": "30",
			"languageCode": "en",
			"currency_format": "en"
		},
		{
			"id": "87",
			"sortname": "GD",
			"name": "Grenada",
			"text": "Grenada",
			"timezone": 75,
			"currency": "123",
			"languageCode": "en",
			"currency_format": "en"
		},
		{
			"id": "88",
			"sortname": "GP",
			"name": "Guadeloupe",
			"text": "Guadeloupe",
			"timezone": 75,
			"currency": "35",
			"languageCode": "en",
			"currency_format": "en"
		},
		{
			"id": "89",
			"sortname": "GU",
			"name": "Guam",
			"text": "Guam",
			"timezone": 53,
			"currency": "1",
			"languageCode": "en",
			"currency_format": "en"
		},
		{
			"id": "90",
			"sortname": "GT",
			"name": "Guatemala",
			"text": "Guatemala",
			"timezone": 83,
			"currency": "42",
			"languageCode": "es",
			"currency_format": "el"
		},
		{
			"id": "91",
			"sortname": "XU",
			"name": "Guernsey and Alderney",
			"text": "Guernsey and Alderney",
			"timezone": 3,
			"currency": "39",
			"languageCode": "en",
			"currency_format": "en"
		},
		{
			"id": "92",
			"sortname": "GN",
			"name": "Guinea",
			"text": "Guinea",
			"timezone": 75,
			"currency": "123",
			"languageCode": "en",
			"currency_format": "en"
		},
		{
			"id": "93",
			"sortname": "GW",
			"name": "Guinea-Bissau",
			"text": "Guinea-Bissau",
			"timezone": 3,
			"currency": "123",
			"languageCode": "en",
			"currency_format": "en"
		},
		{
			"id": "94",
			"sortname": "GY",
			"name": "Guyana",
			"text": "Guyana",
			"timezone": 76,
			"currency": "43",
			"languageCode": "en",
			"currency_format": "en"
		},
		{
			"id": "95",
			"sortname": "HT",
			"name": "Haiti",
			"text": "Haiti",
			"timezone": 81,
			"currency": "1",
			"languageCode": "en",
			"currency_format": "en"
		},
		{
			"id": "96",
			"sortname": "HM",
			"name": "Heard and McDonald Islands",
			"text": "Heard and McDonald Islands",
			"timezone": 30,
			"currency": "1",
			"languageCode": "en",
			"currency_format": "en"
		},
		{
			"id": "97",
			"sortname": "HN",
			"name": "Honduras",
			"text": "Honduras",
			"timezone": 83,
			"currency": "45",
			"languageCode": "es",
			"currency_format": "el"
		},
		{
			"id": "98",
			"sortname": "HK",
			"name": "Hong Kong S.A.R.",
			"text": "Hong Kong S.A.R.",
			"timezone": 44,
			"currency": "44",
			"languageCode": "en",
			"currency_format": "en"
		},
		{
			"id": "99",
			"sortname": "HU",
			"name": "Hungary",
			"text": "Hungary",
			"timezone": 6,
			"currency": "47",
			"languageCode": "en",
			"currency_format": "en"
		},
		{
			"id": "100",
			"sortname": "IS",
			"name": "Iceland",
			"text": "Iceland",
			"timezone": 3,
			"currency": "54",
			"languageCode": "en",
			"currency_format": "en"
		},
		{
			"id": "101",
			"sortname": "IN",
			"name": "India",
			"text": "India",
			"timezone": 33,
			"currency": "51",
			"languageCode": "hi",
			"currency_format": "hi"
		},
		{
			"id": "102",
			"sortname": "ID",
			"name": "Indonesia",
			"text": "Indonesia",
			"timezone": 40,
			"currency": "48",
			"languageCode": "en",
			"currency_format": "en"
		},
		{
			"id": "103",
			"sortname": "IR",
			"name": "Iran",
			"text": "Iran",
			"timezone": 23,
			"currency": "53",
			"languageCode": "en",
			"currency_format": "en"
		},
		{
			"id": "104",
			"sortname": "IQ",
			"name": "Iraq",
			"text": "Iraq",
			"timezone": 19,
			"currency": "52",
			"languageCode": "en",
			"currency_format": "en"
		},
		{
			"id": "105",
			"sortname": "IE",
			"name": "Ireland",
			"text": "Ireland",
			"timezone": 3,
			"currency": "35",
			"languageCode": "en",
			"currency_format": "en"
		},
		{
			"id": "106",
			"sortname": "IL",
			"name": "Israel",
			"text": "Israel",
			"timezone": 16,
			"currency": "49",
			"languageCode": "en",
			"currency_format": "en"
		},
		{
			"id": "107",
			"sortname": "IT",
			"name": "Italy",
			"text": "Italy",
			"timezone": 6,
			"currency": "35",
			"languageCode": "en",
			"currency_format": "en"
		},
		{
			"id": "108",
			"sortname": "JM",
			"name": "Jamaica",
			"text": "Jamaica",
			"timezone": 81,
			"currency": "56",
			"languageCode": "en",
			"currency_format": "en"
		},
		{
			"id": "109",
			"sortname": "JP",
			"name": "Japan",
			"text": "Japan",
			"timezone": 48,
			"currency": "58",
			"languageCode": "en",
			"currency_format": "en"
		},
		{
			"id": "110",
			"sortname": "XJ",
			"name": "Jersey",
			"text": "Jersey",
			"timezone": 3,
			"currency": "55",
			"languageCode": "en",
			"currency_format": "en"
		},
		{
			"id": "111",
			"sortname": "JO",
			"name": "Jordan",
			"text": "Jordan",
			"timezone": 10,
			"currency": "57",
			"languageCode": "en",
			"currency_format": "en"
		},
		{
			"id": "112",
			"sortname": "KZ",
			"name": "Kazakhstan",
			"text": "Kazakhstan",
			"timezone": 38,
			"currency": "66",
			"languageCode": "en",
			"currency_format": "en"
		},
		{
			"id": "113",
			"sortname": "KE",
			"name": "Kenya",
			"text": "Kenya",
			"timezone": 22,
			"currency": "59",
			"languageCode": "en",
			"currency_format": "en"
		},
		{
			"id": "114",
			"sortname": "KI",
			"name": "Kiribati",
			"text": "Kiribati",
			"timezone": 60,
			"currency": "7",
			"languageCode": "en",
			"currency_format": "en"
		},
		{
			"id": "115",
			"sortname": "KP",
			"name": "North Korea",
			"text": "North Korea",
			"timezone": 49,
			"currency": "62",
			"languageCode": "en",
			"currency_format": "en"
		},
		{
			"id": "116",
			"sortname": "KR",
			"name": "South Korea",
			"text": "South Korea",
			"timezone": 49,
			"currency": "63",
			"languageCode": "en",
			"currency_format": "en"
		},
		{
			"id": "117",
			"sortname": "KW",
			"name": "Kuwait",
			"text": "Kuwait",
			"timezone": 19,
			"currency": "64",
			"languageCode": "en",
			"currency_format": "en"
		},
		{
			"id": "118",
			"sortname": "KG",
			"name": "Kyrgyzstan",
			"text": "Kyrgyzstan",
			"timezone": 38,
			"currency": "60",
			"languageCode": "en",
			"currency_format": "en"
		},
		{
			"id": "119",
			"sortname": "LA",
			"name": "Laos",
			"text": "Laos",
			"timezone": 40,
			"currency": "67",
			"languageCode": "en",
			"currency_format": "en"
		},
		{
			"id": "120",
			"sortname": "LV",
			"name": "Latvia",
			"text": "Latvia",
			"timezone": 10,
			"currency": "72",
			"languageCode": "en",
			"currency_format": "en"
		},
		{
			"id": "121",
			"sortname": "LB",
			"name": "Lebanon",
			"text": "Lebanon",
			"timezone": 10,
			"currency": "73",
			"languageCode": "en",
			"currency_format": "en"
		},
		{
			"id": "122",
			"sortname": "LS",
			"name": "Lesotho",
			"text": "Lesotho",
			"timezone": 14,
			"currency": "1",
			"languageCode": "en",
			"currency_format": "en"
		},
		{
			"id": "123",
			"sortname": "LR",
			"name": "Liberia",
			"text": "Liberia",
			"timezone": 3,
			"currency": "70",
			"languageCode": "en",
			"currency_format": "en"
		},
		{
			"id": "124",
			"sortname": "LY",
			"name": "Libya",
			"text": "Libya",
			"timezone": 10,
			"currency": "73",
			"languageCode": "en",
			"currency_format": "en"
		},
		{
			"id": "125",
			"sortname": "LI",
			"name": "Liechtenstein",
			"text": "Liechtenstein",
			"timezone": 6,
			"currency": "123",
			"languageCode": "en",
			"currency_format": "en"
		},
		{
			"id": "126",
			"sortname": "LT",
			"name": "Lithuania",
			"text": "Lithuania",
			"timezone": 10,
			"currency": "71",
			"languageCode": "en",
			"currency_format": "en"
		},
		{
			"id": "127",
			"sortname": "LU",
			"name": "Luxembourg",
			"text": "Luxembourg",
			"timezone": 6,
			"currency": "35",
			"languageCode": "en",
			"currency_format": "en"
		},
		{
			"id": "128",
			"sortname": "MO",
			"name": "Macau S.A.R.",
			"text": "Macau S.A.R.",
			"timezone": 42,
			"currency": "25",
			"languageCode": "en",
			"currency_format": "en"
		},
		{
			"id": "129",
			"sortname": "MK",
			"name": "North Macedonia",
			"text": "North Macedonia",
			"timezone": 6,
			"currency": "75",
			"languageCode": "en",
			"currency_format": "en"
		},
		{
			"id": "130",
			"sortname": "MG",
			"name": "Madagascar",
			"text": "Madagascar",
			"timezone": 22,
			"currency": "1",
			"languageCode": "en",
			"currency_format": "en"
		},
		{
			"id": "131",
			"sortname": "MW",
			"name": "Malawi",
			"text": "Malawi",
			"timezone": 22,
			"currency": "1",
			"languageCode": "en",
			"currency_format": "en"
		},
		{
			"id": "132",
			"sortname": "MY",
			"name": "Malaysia",
			"text": "Malaysia",
			"timezone": 44,
			"currency": "79",
			"languageCode": "en",
			"currency_format": "en"
		},
		{
			"id": "133",
			"sortname": "MV",
			"name": "Maldives",
			"text": "Maldives",
			"timezone": 30,
			"currency": "1",
			"languageCode": "en",
			"currency_format": "en"
		},
		{
			"id": "134",
			"sortname": "ML",
			"name": "Mali",
			"text": "Mali",
			"timezone": 3,
			"currency": "123",
			"languageCode": "en",
			"currency_format": "en"
		},
		{
			"id": "135",
			"sortname": "MT",
			"name": "Malta",
			"text": "Malta",
			"timezone": 6,
			"currency": "123",
			"languageCode": "en",
			"currency_format": "en"
		},
		{
			"id": "136",
			"sortname": "XM",
			"name": "Man (Isle of)",
			"text": "Man (Isle of)",
			"timezone": 3,
			"currency": "50",
			"languageCode": "en",
			"currency_format": "en"
		},
		{
			"id": "137",
			"sortname": "MH",
			"name": "Marshall Islands",
			"text": "Marshall Islands",
			"timezone": 61,
			"currency": "1",
			"languageCode": "en",
			"currency_format": "en"
		},
		{
			"id": "138",
			"sortname": "MQ",
			"name": "Martinique",
			"text": "Martinique",
			"timezone": 75,
			"currency": "123",
			"languageCode": "en",
			"currency_format": "en"
		},
		{
			"id": "139",
			"sortname": "MR",
			"name": "Mauritania",
			"text": "Mauritania",
			"timezone": 3,
			"currency": "1",
			"languageCode": "en",
			"currency_format": "en"
		},
		{
			"id": "140",
			"sortname": "MU",
			"name": "Mauritius",
			"text": "Mauritius",
			"timezone": 26,
			"currency": "77",
			"languageCode": "en",
			"currency_format": "en"
		},
		{
			"id": "141",
			"sortname": "YT",
			"name": "Mayotte",
			"text": "Mayotte",
			"timezone": 22,
			"currency": "123",
			"languageCode": "en",
			"currency_format": "en"
		},
		{
			"id": "142",
			"sortname": "MX",
			"name": "Mexico",
			"text": "Mexico",
			"timezone": 85,
			"currency": "78",
			"languageCode": "es",
			"currency_format": "el"
		},
		{
			"id": "143",
			"sortname": "FM",
			"name": "Micronesia",
			"text": "Micronesia",
			"timezone": 58,
			"currency": "1",
			"languageCode": "en",
			"currency_format": "en"
		},
		{
			"id": "144",
			"sortname": "MD",
			"name": "Moldova",
			"text": "Moldova",
			"timezone": 10,
			"currency": "1",
			"languageCode": "en",
			"currency_format": "en"
		},
		{
			"id": "145",
			"sortname": "MC",
			"name": "Monaco",
			"text": "Monaco",
			"timezone": 6,
			"currency": "123",
			"languageCode": "en",
			"currency_format": "en"
		},
		{
			"id": "146",
			"sortname": "MN",
			"name": "Mongolia",
			"text": "Mongolia",
			"timezone": 44,
			"currency": "76",
			"languageCode": "en",
			"currency_format": "en"
		},
		{
			"id": "147",
			"sortname": "MS",
			"name": "Montserrat",
			"text": "Montserrat",
			"timezone": 75,
			"currency": "124",
			"languageCode": "en",
			"currency_format": "en"
		},
		{
			"id": "148",
			"sortname": "MA",
			"name": "Morocco",
			"text": "Morocco",
			"timezone": 1,
			"currency": "74",
			"languageCode": "en",
			"currency_format": "en"
		},
		{
			"id": "149",
			"sortname": "MZ",
			"name": "Mozambique",
			"text": "Mozambique",
			"timezone": 18,
			"currency": "80",
			"languageCode": "en",
			"currency_format": "en"
		},
		{
			"id": "150",
			"sortname": "MM",
			"name": "Myanmar (formerly Burma)",
			"text": "Myanmar (formerly Burma)",
			"timezone": 39,
			"currency": "1",
			"languageCode": "en",
			"currency_format": "en"
		},
		{
			"id": "151",
			"sortname": "NA",
			"name": "Namibia",
			"text": "Namibia",
			"timezone": 18,
			"currency": "1",
			"languageCode": "en",
			"currency_format": "en"
		},
		{
			"id": "152",
			"sortname": "NR",
			"name": "Nauru",
			"text": "Nauru",
			"timezone": 61,
			"currency": "7",
			"languageCode": "en",
			"currency_format": "en"
		},
		{
			"id": "153",
			"sortname": "NP",
			"name": "Nepal",
			"text": "Nepal",
			"timezone": 35,
			"currency": "85",
			"languageCode": "en",
			"currency_format": "en"
		},
		{
			"id": "154",
			"sortname": "AN",
			"name": "Netherlands Antilles",
			"text": "Netherlands Antilles",
			"timezone": 75,
			"currency": "5",
			"languageCode": "en",
			"currency_format": "en"
		},
		{
			"id": "155",
			"sortname": "NL",
			"name": "Netherlands",
			"text": "Netherlands",
			"timezone": 6,
			"currency": "5",
			"languageCode": "nl",
			"currency_format": "el"
		},
		{
			"id": "156",
			"sortname": "NC",
			"name": "New Caledonia",
			"text": "New Caledonia",
			"timezone": 58,
			"currency": "123",
			"languageCode": "en",
			"currency_format": "en"
		},
		{
			"id": "157",
			"sortname": "NZ",
			"name": "New Zealand",
			"text": "New Zealand",
			"timezone": 59,
			"currency": "86",
			"languageCode": "en",
			"currency_format": "en"
		},
		{
			"id": "158",
			"sortname": "NI",
			"name": "Nicaragua",
			"text": "Nicaragua",
			"timezone": 83,
			"currency": "83",
			"languageCode": "en",
			"currency_format": "en"
		},
		{
			"id": "159",
			"sortname": "NE",
			"name": "Niger",
			"text": "Niger",
			"timezone": 9,
			"currency": "82",
			"languageCode": "en",
			"currency_format": "en"
		},
		{
			"id": "160",
			"sortname": "NG",
			"name": "Nigeria",
			"text": "Nigeria",
			"timezone": 9,
			"currency": "82",
			"languageCode": "en",
			"currency_format": "en"
		},
		{
			"id": "161",
			"sortname": "NU",
			"name": "Niue",
			"text": "Niue",
			"timezone": 94,
			"currency": "86",
			"languageCode": "en",
			"currency_format": "en"
		},
		{
			"id": "162",
			"sortname": "NF",
			"name": "Norfolk Island",
			"text": "Norfolk Island",
			"timezone": 58,
			"currency": "7",
			"languageCode": "en",
			"currency_format": "en"
		},
		{
			"id": "163",
			"sortname": "MP",
			"name": "Northern Mariana Islands",
			"text": "Northern Mariana Islands",
			"timezone": 53,
			"currency": "1",
			"languageCode": "en",
			"currency_format": "en"
		},
		{
			"id": "164",
			"sortname": "NO",
			"name": "Norway",
			"text": "Norway",
			"timezone": 6,
			"currency": "84",
			"languageCode": "en",
			"currency_format": "en"
		},
		{
			"id": "165",
			"sortname": "OM",
			"name": "Oman",
			"text": "Oman",
			"timezone": 24,
			"currency": "87",
			"languageCode": "en",
			"currency_format": "en"
		},
		{
			"id": "166",
			"sortname": "PK",
			"name": "Pakistan",
			"text": "Pakistan",
			"timezone": 31,
			"currency": "91",
			"languageCode": "en",
			"currency_format": "en"
		},
		{
			"id": "167",
			"sortname": "PW",
			"name": "Palau",
			"text": "Palau",
			"timezone": 49,
			"currency": "1",
			"languageCode": "en",
			"currency_format": "en"
		},
		{
			"id": "168",
			"sortname": "PS",
			"name": "Palestine State",
			"text": "Palestine State",
			"timezone": 10,
			"currency": "1",
			"languageCode": "en",
			"currency_format": "en"
		},
		{
			"id": "169",
			"sortname": "PA",
			"name": "Panama",
			"text": "Panama",
			"timezone": 81,
			"currency": "1",
			"languageCode": "es",
			"currency_format": "el"
		},
		{
			"id": "170",
			"sortname": "PG",
			"name": "Papua new Guinea",
			"text": "Papua new Guinea",
			"timezone": 55,
			"currency": "1",
			"languageCode": "en",
			"currency_format": "en"
		},
		{
			"id": "171",
			"sortname": "PY",
			"name": "Paraguay",
			"text": "Paraguay",
			"timezone": 74,
			"currency": "93",
			"languageCode": "es",
			"currency_format": "el"
		},
		{
			"id": "172",
			"sortname": "PE",
			"name": "Peru",
			"text": "Peru",
			"timezone": 81,
			"currency": "89",
			"languageCode": "es",
			"currency_format": "el"
		},
		{
			"id": "173",
			"sortname": "PH",
			"name": "Philippines",
			"text": "Philippines",
			"timezone": 44,
			"currency": "90",
			"languageCode": "en",
			"currency_format": "en"
		},
		{
			"id": "174",
			"sortname": "PN",
			"name": "Pitcairn Island",
			"text": "Pitcairn Island",
			"timezone": 90,
			"currency": "86",
			"languageCode": "en",
			"currency_format": "en"
		},
		{
			"id": "175",
			"sortname": "PL",
			"name": "Poland",
			"text": "Poland",
			"timezone": 6,
			"currency": "92",
			"languageCode": "en",
			"currency_format": "en"
		},
		{
			"id": "176",
			"sortname": "PT",
			"name": "Portugal",
			"text": "Portugal",
			"timezone": 3,
			"currency": "35",
			"languageCode": "en",
			"currency_format": "en"
		},
		{
			"id": "177",
			"sortname": "PR",
			"name": "Puerto Rico",
			"text": "Puerto Rico",
			"timezone": 75,
			"currency": "1",
			"languageCode": "en",
			"currency_format": "en"
		},
		{
			"id": "178",
			"sortname": "QA",
			"name": "Qatar",
			"text": "Qatar",
			"timezone": 19,
			"currency": "94",
			"languageCode": "en",
			"currency_format": "en"
		},
		{
			"id": "179",
			"sortname": "RE",
			"name": "Reunion",
			"text": "Reunion",
			"timezone": 28,
			"currency": "35",
			"languageCode": "en",
			"currency_format": "en"
		},
		{
			"id": "180",
			"sortname": "RO",
			"name": "Romania",
			"text": "Romania",
			"timezone": 10,
			"currency": "95",
			"languageCode": "en",
			"currency_format": "en"
		},
		{
			"id": "181",
			"sortname": "RU",
			"name": "Russia",
			"text": "Russia",
			"timezone": 21,
			"currency": "97",
			"languageCode": "en",
			"currency_format": "en"
		},
		{
			"id": "182",
			"sortname": "RW",
			"name": "Rwanda",
			"text": "Rwanda",
			"timezone": 9,
			"currency": "123",
			"languageCode": "en",
			"currency_format": "en"
		},
		{
			"id": "183",
			"sortname": "SH",
			"name": "Saint Helena",
			"text": "Saint Helena",
			"timezone": 3,
			"currency": "104",
			"languageCode": "en",
			"currency_format": "en"
		},
		{
			"id": "184",
			"sortname": "KN",
			"name": "Saint Kitts And Nevis",
			"text": "Saint Kitts And Nevis",
			"timezone": 75,
			"currency": "124",
			"languageCode": "en",
			"currency_format": "en"
		},
		{
			"id": "185",
			"sortname": "LC",
			"name": "Saint Lucia",
			"text": "Saint Lucia",
			"timezone": 75,
			"currency": "124",
			"languageCode": "en",
			"currency_format": "en"
		},
		{
			"id": "186",
			"sortname": "PM",
			"name": "Saint Pierre and Miquelon",
			"text": "Saint Pierre and Miquelon",
			"timezone": 68,
			"currency": "35",
			"languageCode": "en",
			"currency_format": "en"
		},
		{
			"id": "187",
			"sortname": "VC",
			"name": "Saint Vincent And The Grenadines",
			"text": "Saint Vincent And The Grenadines",
			"timezone": 75,
			"currency": "124",
			"languageCode": "en",
			"currency_format": "en"
		},
		{
			"id": "188",
			"sortname": "WS",
			"name": "Samoa",
			"text": "Samoa",
			"timezone": 3,
			"currency": "1",
			"languageCode": "en",
			"currency_format": "en"
		},
		{
			"id": "189",
			"sortname": "SM",
			"name": "San Marino",
			"text": "San Marino",
			"timezone": 6,
			"currency": "35",
			"languageCode": "en",
			"currency_format": "en"
		},
		{
			"id": "190",
			"sortname": "ST",
			"name": "Sao Tome and Principe",
			"text": "Sao Tome and Principe",
			"timezone": 3,
			"currency": "1",
			"languageCode": "en",
			"currency_format": "en"
		},
		{
			"id": "191",
			"sortname": "SA",
			"name": "Saudi Arabia",
			"text": "Saudi Arabia",
			"timezone": 19,
			"currency": "99",
			"languageCode": "en",
			"currency_format": "en"
		},
		{
			"id": "192",
			"sortname": "SN",
			"name": "Senegal",
			"text": "Senegal",
			"timezone": 3,
			"currency": "123",
			"languageCode": "en",
			"currency_format": "en"
		},
		{
			"id": "193",
			"sortname": "RS",
			"name": "Serbia",
			"text": "Serbia",
			"timezone": 6,
			"currency": "96",
			"languageCode": "en",
			"currency_format": "en"
		},
		{
			"id": "194",
			"sortname": "SC",
			"name": "Seychelles",
			"text": "Seychelles",
			"timezone": 27,
			"currency": "101",
			"languageCode": "en",
			"currency_format": "en"
		},
		{
			"id": "195",
			"sortname": "SL",
			"name": "Sierra Leone",
			"text": "Sierra Leone",
			"timezone": 3,
			"currency": "1",
			"languageCode": "en",
			"currency_format": "en"
		},
		{
			"id": "196",
			"sortname": "SG",
			"name": "Singapore",
			"text": "Singapore",
			"timezone": 44,
			"currency": "103",
			"languageCode": "en",
			"currency_format": "en"
		},
		{
			"id": "197",
			"sortname": "SK",
			"name": "Slovakia",
			"text": "Slovakia",
			"timezone": 6,
			"currency": "35",
			"languageCode": "en",
			"currency_format": "en"
		},
		{
			"id": "198",
			"sortname": "SI",
			"name": "Slovenia",
			"text": "Slovenia",
			"timezone": 6,
			"currency": "35",
			"languageCode": "en",
			"currency_format": "en"
		},
		{
			"id": "199",
			"sortname": "XG",
			"name": "Smaller Territories of the UK",
			"text": "Smaller Territories of the UK",
			"timezone": 6,
			"currency": "1",
			"languageCode": "en",
			"currency_format": "en"
		},
		{
			"id": "200",
			"sortname": "SB",
			"name": "Solomon Islands",
			"text": "Solomon Islands",
			"timezone": 58,
			"currency": "100",
			"languageCode": "en",
			"currency_format": "en"
		},
		{
			"id": "201",
			"sortname": "SO",
			"name": "Somalia",
			"text": "Somalia",
			"timezone": 22,
			"currency": "105",
			"languageCode": "en",
			"currency_format": "en"
		},
		{
			"id": "202",
			"sortname": "ZA",
			"name": "South Africa",
			"text": "South Africa",
			"timezone": 14,
			"currency": "127",
			"languageCode": "en",
			"currency_format": "en"
		},
		{
			"id": "203",
			"sortname": "GS",
			"name": "South Georgia",
			"text": "South Georgia",
			"timezone": 67,
			"currency": "38",
			"languageCode": "en",
			"currency_format": "en"
		},
		{
			"id": "204",
			"sortname": "SS",
			"name": "South Sudan",
			"text": "South Sudan",
			"timezone": 22,
			"currency": "38",
			"languageCode": "en",
			"currency_format": "en"
		},
		{
			"id": "205",
			"sortname": "ES",
			"name": "Spain",
			"text": "Spain",
			"timezone": 6,
			"currency": "35",
			"languageCode": "es",
			"currency_format": "el"
		},
		{
			"id": "206",
			"sortname": "LK",
			"name": "Sri Lanka",
			"text": "Sri Lanka",
			"timezone": 34,
			"currency": "69",
			"languageCode": "en",
			"currency_format": "en"
		},
		{
			"id": "207",
			"sortname": "SD",
			"name": "Sudan",
			"text": "Sudan",
			"timezone": 9,
			"currency": "38",
			"languageCode": "en",
			"currency_format": "en"
		},
		{
			"id": "208",
			"sortname": "SR",
			"name": "Suriname",
			"text": "Suriname",
			"timezone": 71,
			"currency": "1",
			"languageCode": "nl",
			"currency_format": "el"
		},
		{
			"id": "209",
			"sortname": "SJ",
			"name": "Svalbard And Jan Mayen Islands",
			"text": "Svalbard And Jan Mayen Islands",
			"timezone": 6,
			"currency": "84",
			"languageCode": "en",
			"currency_format": "en"
		},
		{
			"id": "210",
			"sortname": "SZ",
			"name": "Eswatini",
			"text": "Eswatini",
			"timezone": 14,
			"currency": "1",
			"languageCode": "en",
			"currency_format": "en"
		},
		{
			"id": "211",
			"sortname": "SE",
			"name": "Sweden",
			"text": "Sweden",
			"timezone": 6,
			"currency": "102",
			"languageCode": "en",
			"currency_format": "en"
		},
		{
			"id": "212",
			"sortname": "CH",
			"name": "Switzerland",
			"text": "Switzerland",
			"timezone": 6,
			"currency": "123",
			"languageCode": "en",
			"currency_format": "en"
		},
		{
			"id": "213",
			"sortname": "SY",
			"name": "Syria",
			"text": "Syria",
			"timezone": 10,
			"currency": "108",
			"languageCode": "en",
			"currency_format": "en"
		},
		{
			"id": "214",
			"sortname": "TW",
			"name": "Taiwan",
			"text": "Taiwan",
			"timezone": 43,
			"currency": "114",
			"languageCode": "en",
			"currency_format": "en"
		},
		{
			"id": "215",
			"sortname": "TJ",
			"name": "Tajikistan",
			"text": "Tajikistan",
			"timezone": 32,
			"currency": "1",
			"languageCode": "en",
			"currency_format": "en"
		},
		{
			"id": "216",
			"sortname": "TZ",
			"name": "Tanzania",
			"text": "Tanzania",
			"timezone": 22,
			"currency": "115",
			"languageCode": "en",
			"currency_format": "en"
		},
		{
			"id": "217",
			"sortname": "TH",
			"name": "Thailand",
			"text": "Thailand",
			"timezone": 40,
			"currency": "109",
			"languageCode": "en",
			"currency_format": "en"
		},
		{
			"id": "218",
			"sortname": "TG",
			"name": "Togo",
			"text": "Togo",
			"timezone": 3,
			"currency": "123",
			"languageCode": "en",
			"currency_format": "en"
		},
		{
			"id": "219",
			"sortname": "TK",
			"name": "Tokelau",
			"text": "Tokelau",
			"timezone": 63,
			"currency": "86",
			"languageCode": "en",
			"currency_format": "en"
		},
		{
			"id": "220",
			"sortname": "TO",
			"name": "Tonga",
			"text": "Tonga",
			"timezone": 63,
			"currency": "1",
			"languageCode": "en",
			"currency_format": "en"
		},
		{
			"id": "221",
			"sortname": "TT",
			"name": "Trinidad And Tobago",
			"text": "Trinidad And Tobago",
			"timezone": 75,
			"currency": "113",
			"languageCode": "en",
			"currency_format": "en"
		},
		{
			"id": "222",
			"sortname": "TN",
			"name": "Tunisia",
			"text": "Tunisia",
			"timezone": 6,
			"currency": "110",
			"languageCode": "en",
			"currency_format": "en"
		},
		{
			"id": "223",
			"sortname": "TR",
			"name": "Turkey",
			"text": "Turkey",
			"timezone": 19,
			"currency": "112",
			"languageCode": "en",
			"currency_format": "en"
		},
		{
			"id": "224",
			"sortname": "TM",
			"name": "Turkmenistan",
			"text": "Turkmenistan",
			"timezone": 30,
			"currency": "9",
			"languageCode": "en",
			"currency_format": "en"
		},
		{
			"id": "225",
			"sortname": "TC",
			"name": "Turks And Caicos Islands",
			"text": "Turks And Caicos Islands",
			"timezone": 81,
			"currency": "1",
			"languageCode": "en",
			"currency_format": "en"
		},
		{
			"id": "226",
			"sortname": "TV",
			"name": "Tuvalu",
			"text": "Tuvalu",
			"timezone": 59,
			"currency": "7",
			"languageCode": "en",
			"currency_format": "en"
		},
		{
			"id": "227",
			"sortname": "UG",
			"name": "Uganda",
			"text": "Uganda",
			"timezone": 22,
			"currency": "117",
			"languageCode": "en",
			"currency_format": "en"
		},
		{
			"id": "228",
			"sortname": "UA",
			"name": "Ukraine",
			"text": "Ukraine",
			"timezone": 10,
			"currency": "116",
			"languageCode": "en",
			"currency_format": "en"
		},
		{
			"id": "229",
			"sortname": "AE",
			"name": "United Arab Emirates",
			"text": "United Arab Emirates",
			"timezone": 24,
			"currency": "118",
			"languageCode": "en",
			"currency_format": "en"
		},
		{
			"id": "230",
			"sortname": "GB",
			"name": "United Kingdom",
			"text": "United Kingdom",
			"timezone": 3,
			"currency": "50",
			"languageCode": "en",
			"currency_format": "en"
		},
		{
			"id": "231",
			"sortname": "US",
			"name": "United States",
			"text": "United States",
			"timezone": 81,
			"currency": "1",
			"languageCode": "en",
			"currency_format": "en"
		},
		{
			"id": "232",
			"sortname": "UM",
			"name": "United States Minor Outlying Islands",
			"text": "United States Minor Outlying Islands",
			"timezone": 93,
			"currency": "1",
			"languageCode": "en",
			"currency_format": "en"
		},
		{
			"id": "233",
			"sortname": "UY",
			"name": "Uruguay",
			"text": "Uruguay",
			"timezone": 72,
			"currency": "119",
			"languageCode": "es",
			"currency_format": "el"
		},
		{
			"id": "234",
			"sortname": "UZ",
			"name": "Uzbekistan",
			"text": "Uzbekistan",
			"timezone": 32,
			"currency": "120",
			"languageCode": "en",
			"currency_format": "en"
		},
		{
			"id": "235",
			"sortname": "VU",
			"name": "Vanuatu",
			"text": "Vanuatu",
			"timezone": 58,
			"currency": "1",
			"languageCode": "en",
			"currency_format": "en"
		},
		{
			"id": "236",
			"sortname": "VA",
			"name": "Holy See( Vatican City)",
			"text": "Holy See( Vatican City)",
			"timezone": 9,
			"currency": "35",
			"languageCode": "en",
			"currency_format": "en"
		},
		{
			"id": "237",
			"sortname": "VE",
			"name": "Venezuela",
			"text": "Venezuela",
			"timezone": 75,
			"currency": "121",
			"languageCode": "es",
			"currency_format": "el"
		},
		{
			"id": "238",
			"sortname": "VN",
			"name": "Vietnam",
			"text": "Vietnam",
			"timezone": 40,
			"currency": "122",
			"languageCode": "en",
			"currency_format": "en"
		},
		{
			"id": "239",
			"sortname": "VG",
			"name": "Virgin Islands (British)",
			"text": "Virgin Islands (British)",
			"timezone": 75,
			"currency": "1",
			"languageCode": "en",
			"currency_format": "en"
		},
		{
			"id": "240",
			"sortname": "VI",
			"name": "Virgin Islands (US)",
			"text": "Virgin Islands (US)",
			"timezone": 75,
			"currency": "1",
			"languageCode": "en",
			"currency_format": "en"
		},
		{
			"id": "241",
			"sortname": "WF",
			"name": "Wallis And Futuna Islands",
			"text": "Wallis And Futuna Islands",
			"timezone": 60,
			"currency": "123",
			"languageCode": "en",
			"currency_format": "en"
		},
		{
			"id": "242",
			"sortname": "EH",
			"name": "Western Sahara",
			"text": "Western Sahara",
			"timezone": 9,
			"currency": "74",
			"languageCode": "en",
			"currency_format": "en"
		},
		{
			"id": "243",
			"sortname": "YE",
			"name": "Yemen",
			"text": "Yemen",
			"timezone": 19,
			"currency": "126",
			"languageCode": "en",
			"currency_format": "en"
		},
		{
			"id": "244",
			"sortname": "YU",
			"name": "Yugoslavia",
			"text": "Yugoslavia",
			"timezone": 6,
			"currency": "96",
			"languageCode": "en",
			"currency_format": "en"
		},
		{
			"id": "245",
			"sortname": "ZM",
			"name": "Zambia",
			"text": "Zambia",
			"timezone": 9,
			"currency": "1",
			"languageCode": "en",
			"currency_format": "en"
		},
		{
			"id": "246",
			"sortname": "ZW",
			"name": "Zimbabwe",
			"text": "Zimbabwe",
			"timezone": 9,
			"currency": "128",
			"languageCode": "en",
			"currency_format": "en"
		},
		{
			"id": "247",
			"sortname": "ME",
			"name": "Montenegro",
			"text": "Montenegro",
			"timezone": 6,
			"currency": "35",
			"languageCode": "en",
			"currency_format": "en"
		}
	]
}
