{
  "jobstatus": [
    {
      "id": "1",
      "name": "Nueva",
      "img": "ic_new_task"
    },
    {
      "id": "2",
      "name": "Aceptada",
      "img": "ic_accepted_task"
    },
    {
      "id": "3",
      "name": "Rechazar",
      "img": "ic_rejected"
    },
    {
      "id": "4",
      "name": "Cancelar",
      "img": "ic_cancel"
    },
    {
      "id": "5",
      "name": "De viaje",
      "img": "ic_travelling_small_icon"
    },
    {
      "id": "6",
      "name": "Romper",
      "img": "ic_break"
    },
    {
      "id": "7",
      "name": "En progreso",
      "img": "in_progress"
    },
    {
      "id": "8",
      "name": "Descanso de trabajo",
      "img": "breake_job_his"
    },
    {
      "id": "9",
      "name": "Terminada",
      "img": "ic_complete_task"
    },
    {
      "id": "10",
      "name": "Cerrada",
      "img": "ic_closed_small_icon"
    },
    {
      "id": "11",
      "name": "Estado múltiple",
      "img": "ic_multi_status"
    },
    {
      "id": "12",
      "name": "En espera",
      "img": "ic_pendng_task"
    }
  ]
}

