{
  "jobstatus": [
    {
      "id": "1",
      "name": "Nova",
      "img": "ic_new_task"
    },
    {
      "id": "2",
      "name": "Aceitaram",
      "img": "ic_accepted_task"
    },
    {
      "id": "3",
      "name": "Rejeitar",
      "img": "ic_rejected"
    },
    {
      "id": "4",
      "name": "Cancelar",
      "img": "ic_cancel"
    },
    {
      "id": "5",
      "name": "Viajando",
      "img": "ic_travelling_small_icon"
    },
    {
      "id": "6",
      "name": "Quebrar",
      "img": "ic_break"
    },
    {
      "id": "7",
      "name": "Em progresso",
      "img": "in_progress"
    },
    {
      "id": "8",
      "name": "Pausa no trabalho",
      "img": "breake_job_his"
    },
    {
      "id": "9",
      "name": "Concluída",
      "img": "ic_complete_task"
    },
    {
      "id": "10",
      "name": "Fechadas",
      "img": "ic_closed_small_icon"
    },
    {
      "id": "11",
      "name": "Multi Status",
      "img": "ic_multi_status"
    },
    {
      "id": "12",
      "name": "Em espera",
      "img": "ic_pendng_task"
    }
  ]
}

